{
  "marketing_stripe": {
    "text": "VESTINDO O MANTO LOJA ",
    "link": "/promotion",
    "color": "#000000",
    "background": "#ffffff"
  },
  "contacts_stripe": {
    "pages": [
      {
        "title": "Sobre nós",
        "link": "https://vestindoomantoloja.netlify.app/pages/sobre-nos"
      }
    ],
    "phone_wpp": true,
    "socials": true
  },
  "categories_list": {
    "featured": [
      "/premier-league?Premier League",
      "/la-liga?La Liga",
      "/brasileirao?Brasileirão",
      "/serie-a?Série A",
      "/bundesliga?Bundesliga",
      "/eurocopa?Eurocopa 2020",
      "/copa-america?Copa América 2021"
    ],
    "random": 0,
    "full_width": false
  },
  "search_input": true
}