{
  "meta_title": "",
  "meta_description": "",
  "sections": [
    {
      "type": "banner-slider",
      "autoplay": 9000,
      "slides": [
        {
          "img": "/img/uploads/whatsapp-image-2021-07-20-at-09.35.40.jpeg",
          "link": "/headset",
          "alt": "Headset banner",
          "start": "",
          "end": "",
          "mobile_img": "/img/uploads/whatsapp-image-2021-07-20-at-09.35.40.jpeg"
        },
        {
          "start": "2021-08-02T22:54:39.234Z",
          "end": "2021-09-10T22:48:40.088Z",
          "img": "/img/uploads/whatsapp-image-2021-08-02-at-14.10.08.jpeg",
          "mobile_img": "/img/uploads/whatsapp-image-2021-08-02-at-14.10.08.jpeg",
          "alt": "Banner sample one"
        },
        {
          "start": "2021-08-02T22:48:38.891Z",
          "end": "2021-09-10T22:48:38.917Z",
          "img": "/img/uploads/whatsapp-image-2021-08-02-at-14.10.09.jpeg",
          "alt": "Banner sample three ",
          "mobile_img": "/img/uploads/whatsapp-image-2021-08-02-at-14.10.09.jpeg"
        },
        {
          "img": "/img/uploads/whatsapp-image-2021-07-20-at-09.35.41.jpeg",
          "alt": "Banner sample four ",
          "start": "",
          "end": "",
          "mobile_img": "/img/uploads/whatsapp-image-2021-07-20-at-09.35.41.jpeg"
        }
      ]
    },
    {
      "type": "collection-shelf",
      "shuffle": true,
      "collection_id": "610367aa33f3ce442f7e9700:categories:VML Todos os produtos:/vml-geral",
      "limit": 12,
      "page": 1,
      "sort": "views"
    },
    {
      "type": "info-bar",
      "enabled": true
    },
    {
      "type": "collection-shelf",
      "shuffle": false,
      "limit": 12,
      "page": 1,
      "collection_id": "6104391f33f3ce442f7f1a6a:categories:Premier League:/premier-league"
    },
    {
      "type": "collection-shelf",
      "shuffle": false,
      "limit": 12,
      "page": 1,
      "collection_id": "6104393b33f3ce442f7f1a7a:categories:Ligue 1:/ligue-1"
    },
    {
      "type": "collection-shelf",
      "shuffle": false,
      "limit": 12,
      "page": 1,
      "collection_id": "61043a5333f3ce442f7f1b66:categories:Brasileirão:/brasileirao"
    },
    {
      "type": "collection-shelf",
      "shuffle": false,
      "limit": 12,
      "page": 1,
      "collection_id": "6104396f33f3ce442f7f1aa4:categories:La Liga:/la-liga"
    },
    {
      "type": "collection-shelf",
      "shuffle": false,
      "limit": 12,
      "page": 1,
      "collection_id": "610439a433f3ce442f7f1ad1:categories:Bundesliga:/bundesliga"
    },
    {
      "type": "collection-shelf",
      "shuffle": false,
      "limit": 12,
      "page": 1,
      "collection_id": "61043a0733f3ce442f7f1b1b:categories:Liga Argentina:/liga-argentina"
    },
    {
      "type": "collection-shelf",
      "shuffle": false,
      "limit": 12,
      "page": 1,
      "collection_id": "610829bb33f3ce442f80bffb:categories:Eurocopa 2020:/eurocopa"
    },
    {
      "type": "collection-shelf",
      "shuffle": false,
      "limit": 12,
      "page": 1,
      "collection_id": "610b2aff33f3ce442f835167:categories:Primeira Liga de Portugal:/primeira-liga-de-portugal"
    },
    {
      "type": "collection-shelf",
      "shuffle": false,
      "limit": 12,
      "page": 1,
      "collection_id": "6104398b33f3ce442f7f1abe:categories:Eredivise:/eredivise"
    },
    {
      "type": "collection-shelf",
      "shuffle": false,
      "limit": 12,
      "page": 1,
      "collection_id": "60f6c5d1cfb89c2ad56f5fa7:categories:VML Agasalhos:/agasalhos"
    },
    {
      "type": "collection-shelf",
      "shuffle": false,
      "limit": 12,
      "page": 1,
      "collection_id": "610b2b2533f3ce442f83517c:categories:Seleções Nacionais:/selecoes-nacionais"
    },
    {
      "type": "collection-shelf",
      "shuffle": false,
      "limit": 12,
      "page": 1,
      "collection_id": "610b2b7d33f3ce442f8351b4:categories:Times variados:/times-variados"
    }
  ]
}